Name,Phone,Email
Butt,504-621-8927,jbutt@gmail.com
Darakjy,810-292-9388,josephine_darakjy@darakjy.org
Venere,856-636-8749,art@venere.org
Paprocki,907-385-4412,lpaprocki@hotmail.com
Foller,513-570-1893,donette.foller@cox.net
Morasca,419-503-2484,simona@morasca.com
Tollner,773-573-6914,mitsue_tollner@yahoo.com
Dilliard,408-752-3500,leota@hotmail.com
Wieser,605-414-2147,sage_wieser@cox.net
Marrier,410-655-8723,kris@gmail.com
Amigon,215-874-1229,minna_amigon@yahoo.com
Maclead,631-335-3414,amaclead@gmail.com
Caldarera,310-498-5651,kiley.caldarera@aol.com
Ruta,440-780-8425,gruta@cox.net
Albares,956-537-6195,calbares@gmail.com
Poquette,602-277-4385,mattie@aol.com
Garufi,931-313-9635,meaghan@hotmail.com
Rim,414-661-9598,gladys.rim@rim.org
Whobrey,313-288-7937,yuki_whobrey@aol.com
Flosi,815-828-2147,fletcher.flosi@yahoo.com
Nicka,610-545-3615,bette_nicka@cox.net
Inouye,408-540-1785,vinouye@aol.com
Kolmetz,972-303-9197,willard@hotmail.com
Royster,518-966-7987,mroyster@royster.com
Slusarski,732-658-3154,alisha@slusarski.com
Iturbide,715-662-6764,allene_iturbide@cox.net
Caudy,913-388-2079,chanel.caudy@caudy.org
Chui,410-669-1642,ezekiel@chui.com
Kusko,212-582-4976,wkusko@yahoo.com
Figeroa,936-336-3951,bfigeroa@aol.com
Corrio,614-801-9788,ammie@corrio.com
Vocelka,505-977-3911,francine_vocelka@vocelka.com
Stenseth,201-709-6245,ernie_stenseth@aol.com
Glick,732-924-7882,albina@glick.com
Sergi,212-860-1579,asergi@gmail.com
Shinko,504-979-9175,solange@shinko.com
Stockham,212-675-8570,jose@yahoo.com
Ostrosky,805-832-6163,rozella.ostrosky@ostrosky.com
Gillian,210-812-9597,valentine_gillian@gmail.com
Rulapaugh,785-463-7829,kati.rulapaugh@hotmail.com
Schemmer,541-548-8197,youlanda@aol.com
Oldroyd,913-413-4604,doldroyd@aol.com
Campain,907-231-4722,roxane@hotmail.com
Perin,305-606-7291,lperin@perin.org
Ferencz,907-741-1044,erick.ferencz@aol.com
Saylors,952-768-2416,fsaylors@saylors.org
Briddick,617-399-5124,jina_briddick@briddick.com
Waycott,323-453-2780,kanisha_waycott@yahoo.com
Bowley,608-336-7444,emerson.bowley@bowley.org
Malet,215-907-9111,bmalet@yahoo.com
Bolognia,212-402-9216,bbolognia@yahoo.com
Nestle,931-875-6644,lnestle@hotmail.com
Uyetake,803-925-5213,sabra@uyetake.org
Mastella,610-814-5533,mmastella@mastella.com
Klonowski,908-877-6135,karl_klonowski@yahoo.com
Wenner,516-968-6051,twenner@aol.com
Monarrez,215-934-8655,amber_monarrez@monarrez.org
Seewald,818-423-4007,shenika@gmail.com
Ahle,401-458-2547,delmy.ahle@hotmail.com
Juhas,215-211-9589,deeanna_juhas@gmail.com
Pugh,401-960-8259,bpugh@aol.com
Vanausdal,732-234-1546,jamal@vanausdal.org
Hollack,512-486-3817,cecily@hollack.org
Lindall,303-724-7371,carmelina_lindall@lindall.com
Yglesias,414-748-1374,maurine_yglesias@yglesias.com
Buvens,212-674-9610,tawna@gmail.com
Weight,907-797-9628,penney_weight@aol.com
Morocco,814-393-5571,elly_morocco@gmail.com
Eroman,410-914-9018,ilene.eroman@hotmail.com
Mondella,208-862-5339,vmondella@mondella.com
Blackwood,415-315-2761,kallie.blackwood@gmail.com
Abdallah,919-225-9345,johnetta_abdallah@aol.com
Rhym,650-528-5783,brhym@rhym.com
Rhymes,925-647-3298,micaela_rhymes@gmail.com
Hoogland,740-343-8575,tamar@hotmail.com
Parlato,585-866-8313,moon@yahoo.com
Reitler,410-520-4832,laurel_reitler@reitler.com
Crupi,973-354-2040,delisa.crupi@crupi.com
Toelkes,773-446-5569,viva.toelkes@gmail.com
Lipke,973-927-3447,elza@yahoo.com
Chickering,505-975-8559,devorah@hotmail.com
Mulqueen,718-332-6527,timothy_mulqueen@mulqueen.org
Honeywell,904-775-4480,ahoneywell@honeywell.com
Dickerson,510-993-3758,dominque.dickerson@dickerson.org
Isenhower,216-657-7668,lettie_isenhower@yahoo.com
Munns,817-914-7518,mmunns@cox.net
Barfield,310-774-7643,stephaine@barfield.com
Gato,847-728-7286,lai.gato@gato.org
Emigh,330-537-5358,stephen_emigh@hotmail.com
Shields,215-255-1641,tshields@gmail.com
Wardrip,650-803-1936,twardrip@cox.net
Gibes,626-572-1096,cory.gibes@gmail.com
Bruschke,254-782-8569,danica_bruschke@gmail.com
Giguere,907-870-5536,wilda@cox.net
Benimadho,408-703-8505,elvera.benimadho@cox.net
Vanheusen,510-503-7169,carma@cox.net
Hochard,317-722-5066,malinda.hochard@yahoo.com
Fern,307-704-8713,natalie.fern@hotmail.com
Centini,703-235-3937,lisha@centini.org
Klusman,504-710-5840,arlene_klusman@gmail.com
Buemi,303-301-4946,alease@buemi.com
Cronauer,510-828-7047,louisa@cronauer.com
Cetta,808-892-7943,angella.cetta@hotmail.com
Goldammer,952-334-9408,cgoldammer@cox.net
Cork,336-243-5659,rosio.cork@gmail.com
Korando,516-509-2347,ckorando@hotmail.com
Felger,503-939-3153,twana.felger@felger.org
Samu,608-976-7199,estrella@aol.com
Kines,508-429-8576,dkines@hotmail.com
Steffensmeier,305-385-9695,tiffiny_steffensmeier@cox.net
Miceli,814-460-2655,emiceli@miceli.org
Kownacki,972-666-3413,sue@aol.com
Shin,931-273-8709,jshin@shin.com
Francescon,973-649-2922,rolland@cox.net
Schmierer,305-420-8970,pamella.schmierer@schmierer.org
Kulzer,410-224-9462,gkulzer@kulzer.org
Palaspas,805-275-3566,shawna_palaspas@palaspas.org
Callaro,808-215-6832,brandon_callaro@hotmail.com
Cartan,229-735-3378,scarlet.cartan@yahoo.com
Menter,617-418-5043,oretha_menter@yahoo.com
Smith,201-672-1553,tsmith@aol.com
Rochin,650-933-5072,xuan@gmail.com
Dilello,909-639-9887,lindsey.dilello@hotmail.com
Perez,510-955-3016,devora_perez@perez.org
Demesa,518-497-2940,hdemesa@cox.net
Papasergi,570-867-7489,rpapasergi@cox.net
Riopelle,973-245-2133,talia_riopelle@aol.com
Shire,908-409-2890,van.shire@shire.com
Lary,321-749-4981,lucina_lary@cox.net
Isaacs,718-809-3762,bok.isaacs@aol.com
Spickerman,808-315-3077,rolande.spickerman@spickerman.com
Paulas,303-623-4241,hpaulas@gmail.com
Madarang,973-310-1634,kimbery_madarang@cox.net
Manno,609-524-3586,thurman.manno@yahoo.com
Mirafuentes,908-877-8409,becky.mirafuentes@mirafuentes.com
Corrington,508-584-4279,beatriz@yahoo.com
Maybury,773-775-4522,marti.maybury@yahoo.com
Gotter,503-527-5274,nieves_gotter@gmail.com
Hagele,214-339-1809,lhagele@cox.net
Klimek,312-303-5453,vklimek@klimek.org
Wiklund,419-939-3613,melissa@cox.net
Zane,951-645-3605,sheridan.zane@zane.com
Padilla,254-463-4368,bulah_padilla@hotmail.com
Kohnert,615-406-7854,audra@kohnert.com
Weirather,414-959-2540,dweirather@aol.com
Jillson,410-387-5260,fjillson@aol.com
Gellinger,972-934-6914,gearldine_gellinger@gellinger.com
Kitzman,310-560-8022,chau@gmail.com
Frey,516-948-5768,theola_frey@frey.com
Haroldson,609-518-7697,cheryl@haroldson.org
Merced,513-508-7371,lmerced@gmail.com
Batman,541-326-4074,carissa.batman@yahoo.com
Craghead,919-533-3762,lezlie.craghead@craghead.org
Shealy,212-332-8435,oshealy@hotmail.com
Parvis,602-906-9419,arminda@parvis.com
Leto,317-234-1135,reita.leto@gmail.com
Luczki,315-304-4759,yolando@cox.net
Stem,856-487-5412,lizette.stem@aol.com
Pawlowicz,516-212-1915,gpawlowicz@yahoo.com
Deleo,501-308-1040,cdeleo@deleo.com
Maynerich,651-591-2583,chantell@yahoo.com
Yum,215-325-3042,dyum@yahoo.com
Gudroe,985-890-7262,larae_gudroe@gmail.com
Tolfree,631-957-7624,latrice.tolfree@hotmail.com
Theodorov,916-591-3277,kerry.theodorov@gmail.com
Hidvegi,208-649-2373,dhidvegi@yahoo.com
Lungren,512-587-5746,fannie.lungren@yahoo.com
Radde,215-964-3284,evangelina@aol.com
Degroot,808-477-4775,novella_degroot@degroot.org
Hoa,775-501-8109,choa@hoa.org
Fallick,847-979-9545,jfallick@yahoo.com
Wolfgramm,973-545-7355,irma.wolfgramm@hotmail.com
Coody,864-256-3620,eun@yahoo.com
Cousey,410-209-9545,sylvia_cousey@cousey.org
Wrinkles,914-855-2115,nana@aol.com
Springe,212-260-3151,layla.springe@cox.net
Degonia,510-677-9785,joesph_degonia@degonia.org
Boord,978-697-6263,annabelle.boord@cox.net
Vinning,415-767-6596,stephaine@cox.net
Sawchuk,201-971-1638,nelida@gmail.com
Hiatt,925-634-7158,marguerita.hiatt@gmail.com
Cookey,773-494-4195,ccookey@cookey.org
Brideau,973-943-3423,jbrideau@aol.com
Varriano,419-544-4900,claribel_varriano@cox.net
Skursky,310-579-2907,benton.skursky@aol.com
Skulski,352-242-2570,hillary.skulski@aol.com
Bayless,408-758-5015,merilyn_bayless@cox.net
Ennaco,570-889-5187,tennaco@gmail.com
Lawler,201-588-7810,merlyn_lawler@hotmail.com
Montezuma,925-615-5185,gmontezuma@cox.net
Mconnell,908-802-3564,jmconnell@hotmail.com
Latzke,631-748-6479,lemuel.latzke@gmail.com
Knipp,805-690-1682,mknipp@gmail.com
Corbley,908-275-8357,candida_corbley@hotmail.com
Karpin,503-940-8327,karan_karpin@gmail.com
Scheyer,503-516-2189,andra@gmail.com
Poullion,856-305-9731,fpoullion@poullion.com
Strassner,770-507-8791,belen_strassner@aol.com
Melnyk,904-235-3633,gracia@melnyk.com
Hanafan,207-458-9196,jhanafan@gmail.com
Toyama,817-765-5781,barrett.toyama@toyama.org
Fredicks,716-752-4114,helga_fredicks@yahoo.com
Pinilla,305-670-9628,apinilla@cox.net
Agramonte,212-313-1783,fausto_agramonte@yahoo.com
Caiafa,215-605-7570,ronny.caiafa@caiafa.org
Limmel,850-430-1663,marge@gmail.com
Waymire,415-306-7897,norah.waymire@gmail.com
Baltimore,408-504-3552,aliza@aol.com
Pelkowski,650-947-1215,mpelkowski@pelkowski.org
Bitsuie,818-864-4875,viola@gmail.com
Emard,215-558-8189,femard@emard.com
Konopacki,337-253-8384,willodean_konopacki@konopacki.org
Silvestrini,313-533-4884,beckie.silvestrini@silvestrini.com
Gesick,512-213-8574,rgesick@gesick.org
Blunk,214-428-2285,frederica_blunk@gmail.com
Bartolet,206-697-5796,glen_bartolet@hotmail.com
Gochal,610-476-3501,freeman_gochal@aol.com
Meinerding,215-372-1718,vincent.meinerding@hotmail.com
Bevelacqua,310-858-5079,rima@cox.net
Sarbacher,707-653-8214,gsarbacher@gmail.com
Steier,407-808-9439,avery@cox.net
Lother,760-971-4322,cristy@lother.com
Brossart,508-837-9230,nicolette_brossart@brossart.com
Modzelewski,936-264-9294,tracey@hotmail.com
Tegarden,414-214-8697,virgina_tegarden@tegarden.com
Frankel,626-636-4117,tfrankel@aol.com
Bergesen,914-300-9193,alaine_bergesen@cox.net
Mai,214-289-1973,earleen_mai@cox.net
Gobern,228-235-5615,leonida@gobern.org
Auffrey,305-604-8981,ressie.auffrey@yahoo.com
Mugnolo,212-304-9225,jmugnolo@yahoo.com
Saulter,201-474-4924,eladia@saulter.com
Malvin,734-928-5182,chaya@malvin.com
Suffield,631-258-6558,gwenn_suffield@suffield.org
Karpel,330-791-8557,skarpel@cox.net
Fishburne,203-506-4706,yoko@fishburne.com
Moyd,703-322-4041,taryn.moyd@hotmail.com
Polidori,978-626-2978,katina_polidori@aol.com
Plumer,419-693-1334,rickie.plumer@aol.com
Loader,253-660-7821,alex@loader.com
Vizarro,916-741-7884,lashon@aol.com
Burnard,307-342-7795,lburnard@burnard.com
Setter,207-627-7565,ceola.setter@setter.org
Rantanen,215-491-5633,my@hotmail.com
Worlds,813-769-2939,lorrine.worlds@worlds.com
Sturiale,619-608-1763,peggie@cox.net
Raymo,979-718-8968,mraymo@yahoo.com
Dinos,847-233-3075,daron_dinos@cox.net
Fritz,609-228-5265,an_fritz@hotmail.com
Stimmel,908-722-7128,portia.stimmel@aol.com
Aredondo,718-560-9537,rhea_aredondo@cox.net
Sama,314-787-1588,bsama@cox.net
Arias,209-317-1801,alyce@arias.org
Berganza,973-936-5095,heike@gmail.com
Dopico,317-578-2453,carey_dopico@dopico.org
Hellickson,206-540-6076,dottie@hellickson.org
Hughey,336-822-7652,deandrea@yahoo.com
Duenas,785-629-8542,kimberlie_duenas@yahoo.com
Staback,407-471-6908,martina_staback@staback.com
Fillingim,612-508-2655,skye_fillingim@yahoo.com
Farrar,803-352-5387,jade.farrar@yahoo.com
Hamilton,707-300-1771,charlene.hamilton@hotmail.com
Acey,847-222-1734,geoffrey@gmail.com
Westerbeck,949-867-4077,stevie.westerbeck@yahoo.com
Fortino,303-404-2210,pamella@fortino.com
Haufler,203-801-6193,hhaufler@hotmail.com
Engelberg,425-986-7573,jengelberg@engelberg.org
Cloney,440-989-5826,buddy.cloney@yahoo.com
Riden,603-315-6839,dalene.riden@aol.com
Zurcher,321-518-5938,jzurcher@zurcher.org
Denooyer,212-792-8658,hdenooyer@denooyer.org
Cryer,714-584-2237,joseph_cryer@cox.net
Kippley,248-913-4677,deonna_kippley@hotmail.com
Calvaresi,317-825-4724,raymon.calvaresi@gmail.com
Bubash,940-276-7922,alecia@aol.com
Layous,203-721-3388,mlayous@hotmail.com
Coyier,410-739-9277,detra@aol.com
Rodeigues,504-463-4384,terrilyn.rodeigues@cox.net
Lacovara,804-550-5097,slacovara@gmail.com
Keetch,215-979-8776,garry_keetch@hotmail.com
Neither,952-651-7597,mneither@yahoo.com
Restrepo,305-936-8226,theodora.restrepo@restrepo.com
Kalafatis,414-263-5287,noah.kalafatis@aol.com
Sweigard,732-941-2621,csweigard@sweigard.com
Hengel,701-898-2154,lavonda@cox.net
Stoltzman,775-638-9963,junita@aol.com
Nicolozakes,602-954-5141,herminia@nicolozakes.org
Good,615-390-2251,casie.good@aol.com
Maisto,410-351-1863,reena@hotmail.com
Mallett,212-870-1286,mirta_mallett@gmail.com
Pontoriero,806-703-1435,cathrine.pontoriero@pontoriero.com
Tawil,323-765-2528,ftawil@hotmail.com
Upthegrove,619-509-5282,rupthegrove@yahoo.com
Candlish,770-732-1194,sarah.candlish@gmail.com
Treston,508-769-5250,lucy@cox.net
Aquas,269-756-7222,jaquas@aquas.com
Tjepkema,973-714-1721,yvonne.tjepkema@hotmail.com
Lace,337-740-9323,kayleigh.lace@yahoo.com
Hirpara,717-491-5643,felix_hirpara@cox.net
Sweely,314-359-9566,tresa_sweely@hotmail.com
Turinetti,817-213-8851,kristeen@gmail.com
Regusters,813-932-8715,jregusters@regusters.com
Monterrubio,770-679-4752,renea@hotmail.com
Matuszak,760-938-6069,olive@aol.com
Reiber,517-906-1108,lreiber@cox.net
Eschberger,602-390-4944,christiane.eschberger@yahoo.com
Schirpke,207-295-7569,goldie.schirpke@yahoo.com
Timenez,301-696-6420,loreta.timenez@hotmail.com
Hauenstein,717-809-3119,fabiola.hauenstein@hauenstein.org
Perigo,972-419-7946,amie.perigo@yahoo.com
Brachle,406-318-1515,raina.brachle@brachle.org
Canlas,973-767-3008,erinn.canlas@canlas.com
Lietz,248-980-6904,cherry@lietz.com
Vonasek,216-923-3715,kattie@vonasek.org
Scriven,325-631-1560,lilli@aol.com
Tomasulo,817-526-4408,whitley.tomasulo@aol.com
Adkin,718-201-3751,badkin@hotmail.com
Thyberg,401-893-4882,hermila_thyberg@hotmail.com
Flister,717-885-9118,jesusita.flister@hotmail.com
Julia,401-948-4982,caitlin.julia@julia.org
Hoffis,305-622-4739,roosevelt.hoffis@aol.com
Halter,201-832-4168,hhalter@yahoo.com
Martabano,210-856-4979,lorean.martabano@hotmail.com
Buzick,718-478-8504,france.buzick@yahoo.com
Ferrario,909-993-3242,jferrario@hotmail.com
Nabours,216-230-4892,adelina_nabours@gmail.com
Dhamer,212-304-4515,ddhamer@cox.net
Dallen,804-762-9576,jerry.dallen@yahoo.com
Ragel,706-221-4243,leota.ragel@gmail.com
Amyot,337-515-1438,jamyot@hotmail.com
Gehrett,973-544-2677,aja_gehrett@hotmail.com
Herritt,607-407-3716,kirk.herritt@aol.com
Mauson,973-412-2995,leonora@yahoo.com
Brucato,208-252-4552,winfred_brucato@hotmail.com
Nachor,415-411-1775,tarra.nachor@cox.net
Loder,508-942-4186,corinne@loder.org
Labreche,248-357-8718,dulce_labreche@yahoo.com
Keneipp,920-353-6377,kate_keneipp@yahoo.com
Ogg,410-665-4903,kaitlyn.ogg@gmail.com
Saras,719-669-1664,sherita.saras@cox.net
Stuer,419-588-8719,lstuer@cox.net
Syrop,301-998-9644,ernest@cox.net
Halsey,508-855-9887,nobuko.halsey@yahoo.com
Wolny,703-483-1970,lavonna.wolny@hotmail.com
Lizama,410-678-2473,llizama@cox.net
Bilden,512-223-4791,mariann.bilden@aol.com
Rodenberger,623-461-8551,helene@aol.com
Estell,419-571-5920,roselle.estell@hotmail.com
Heintzman,206-311-4137,sheintzman@hotmail.com
Meisel,513-617-2362,margart_meisel@yahoo.com
Bennick,812-368-1511,kristofer.bennick@yahoo.com
Acuff,847-353-2156,wacuff@gmail.com
Shadrick,718-232-2337,shalon@cox.net
Patak,407-446-4358,denise@patak.org
Beech,310-820-2117,louvenia.beech@beech.com
Yaw,813-797-4816,audry.yaw@yaw.org
Ehmann,915-452-1290,kristel.ehmann@aol.com
Zepp,619-603-5125,vzepp@gmail.com
Gwalthney,301-841-5012,egwalthney@yahoo.com
Maillard,714-523-6653,venita_maillard@gmail.com
Semidey,314-732-9131,kasandra_semidey@semidey.com
Discipio,512-233-1831,xdiscipio@gmail.com
Linahan,336-670-2640,mlinahan@yahoo.com
Rauser,631-443-4710,krauser@cox.net
Dubaldi,201-825-2514,pdubaldi@hotmail.com
Paa,901-412-4381,linn_paa@paa.com
Wide,404-505-4445,paris@hotmail.com
Dorshorst,650-473-1262,wynell_dorshorst@dorshorst.org
Birkner,952-702-7993,qbirkner@aol.com
Kannady,480-726-1280,regenia.kannady@cox.net
Louissant,718-976-8610,sheron@aol.com
Funnell,770-844-3447,izetta.funnell@hotmail.com
Butzen,507-210-3510,rodolfo@hotmail.com
Colla,203-461-1949,zona@hotmail.com
Zagen,260-273-3725,szagen@aol.com
Sahagun,601-927-8287,paz_sahagun@cox.net
Lukasik,586-970-7380,markus@yahoo.com
Bachman,719-853-3600,jaclyn@aol.com
Daufeldt,212-745-8484,cyril_daufeldt@daufeldt.com
Schnitzler,510-686-3407,gschnitzler@gmail.com
Nievas,773-704-9903,erick_nievas@aol.com
Drymon,570-218-4831,jennie@cox.net
Scipione,530-986-9272,mscipione@scipione.com
Ventura,845-823-8877,cventura@yahoo.com
Cantres,216-600-6111,galen@yahoo.com
Feichtner,973-852-2736,tfeichtner@yahoo.com
Kitty,907-435-9166,gail@kitty.com
Schoeneck,215-268-1275,dalene@schoeneck.org
Witten,513-977-7043,gertude.witten@gmail.com
Kohl,310-699-1222,lizbeth@yahoo.com
Berray,515-370-7348,gberray@gmail.com
Klang,610-809-1818,lashandra@yahoo.com
Newville,919-623-2524,lnewville@newville.com
Pagliuca,509-695-5199,laurel@yahoo.com
Frerking,914-868-5965,mireya.frerking@hotmail.com
Tagala,410-757-1035,annelle@yahoo.com
Ketelsen,516-847-4418,dean_ketelsen@gmail.com
Munis,508-456-4907,levi.munis@gmail.com
Ryser,918-644-9555,sylvie@aol.com
Maile,231-467-9978,sharee_maile@aol.com
Storment,337-566-6001,cordelia_storment@aol.com
Mcdoniel,419-975-3182,mollie_mcdoniel@yahoo.com
Mccullan,619-461-9984,brett.mccullan@mccullan.com
Pedrozo,203-892-3863,teddy_pedrozo@aol.com
Andreason,201-920-9002,tasia_andreason@yahoo.com
Walthall,330-903-1345,hubert@walthall.org
Farrow,201-238-5688,arthur.farrow@yahoo.com
Berlanga,616-737-3085,vberlanga@berlanga.com
Miro,601-567-5386,billye_miro@cox.net
Slayton,901-640-9178,glenna_slayton@cox.net
Hudnall,303-402-1940,mitzie_hudnall@yahoo.com
Rodefer,901-901-4726,bernardine_rodefer@yahoo.com
Schmaltz,626-866-2339,staci_schmaltz@aol.com
Meteer,773-225-9985,nichelle_meteer@meteer.com
Rhoden,718-228-5894,jrhoden@yahoo.com
Hoopengardner,509-755-5393,ettie.hoopengardner@hotmail.com
Jayson,410-890-7866,eden_jayson@yahoo.com
Auber,973-860-8610,lynelle_auber@gmail.com
Tomblin,562-579-6900,merissa.tomblin@gmail.com
Kaniecki,732-628-9909,golda_kaniecki@yahoo.com
Gleich,973-210-3994,catarina_gleich@hotmail.com
Kiel,303-776-7548,vkiel@hotmail.com
Ostolaza,757-682-7116,jolene@yahoo.com
Borgman,602-919-4211,keneth@yahoo.com
Nayar,305-968-9487,rikki@nayar.com
Sengbusch,602-896-2993,elke_sengbusch@yahoo.com
Sarao,386-526-7800,hoa@sarao.org
Mcrae,415-331-9634,trinidad_mcrae@yahoo.com
Lueckenbach,858-793-9684,mari_lueckenbach@yahoo.com
Husser,201-991-8369,selma.husser@cox.net
Onofrio,909-430-7765,aonofrio@onofrio.com
Jurney,617-365-2134,ljurney@hotmail.com
Heimann,760-291-5497,clorinda.heimann@hotmail.com
Wenzinger,310-510-9713,dick@yahoo.com
Angalich,717-528-8996,ahmed.angalich@angalich.com
Ohms,480-293-2882,iluminada.ohms@yahoo.com
Leinenbach,561-470-4574,joanna_leinenbach@hotmail.com
Suell,615-246-1824,caprice@aol.com
Myricks,859-717-7638,stephane_myricks@cox.net
Swayze,734-561-6170,quentin_swayze@yahoo.com
Castros,936-751-7961,annmarie_castros@gmail.com
Greenbush,973-482-2430,shonda_greenbush@cox.net
Lapage,201-693-3967,clapage@lapage.com
Claucherty,305-988-4162,jeanice.claucherty@yahoo.com
Villanueva,931-553-9774,josphine_villanueva@villanueva.com
Perruzza,714-771-3880,dperruzza@perruzza.com
Wildfong,847-633-3216,cassi.wildfong@aol.com
Galam,215-888-3304,britt@galam.org
Lipkin,973-654-1561,adell.lipkin@lipkin.com
Rowling,814-865-8113,jacqueline.rowling@yahoo.com
Weglarz,801-293-9853,lonny_weglarz@gmail.com
Diestel,910-922-3672,lonna_diestel@gmail.com
Samara,213-975-8026,cristal@cox.net
Grenet,517-499-2322,kenneth.grenet@grenet.org
Mclaird,315-818-2638,emclaird@mclaird.com
Jeanty,574-656-2800,ajeanty@gmail.com
Eanes,407-312-1691,sharika.eanes@aol.com
Mcnease,973-751-9003,nu@gmail.com
Comnick,609-200-8577,dcomnick@cox.net
Colaizzo,608-382-4541,cecilia_colaizzo@colaizzo.com
Threets,914-861-9748,leslie@cox.net
Koppinger,336-370-5333,nan@koppinger.com
Dewar,410-473-1708,idewar@dewar.com
Arceo,732-730-2692,tegan.arceo@arceo.org
Keener,830-258-2769,ruthann@hotmail.com
Breland,847-519-5906,joni_breland@cox.net
Rentfro,732-605-4781,vrentfro@cox.net
Kardas,402-896-5943,colette.kardas@yahoo.com
Tromblay,703-221-5602,malcolm_tromblay@cox.net
Harnos,972-558-1665,ryan@cox.net
Chaffins,212-510-4633,jess.chaffins@chaffins.org
Bourbon,516-816-1541,sbourbon@yahoo.com
Juvera,352-598-8301,nickolas_juvera@cox.net
Nunlee,317-542-6023,gary_nunlee@nunlee.org
Devreese,816-557-9673,diane@cox.net
Chavous,601-234-9632,roslyn.chavous@chavous.org
Schieler,325-869-2649,glory@yahoo.com
Sayaphon,408-805-4309,rasheeda@aol.com
Palaia,856-312-2629,alpha@yahoo.com
Jacobos,510-974-8671,refugia.jacobos@jacobos.com
Yori,407-538-5106,shawnda.yori@yahoo.com
Delasancha,307-403-1488,mdelasancha@hotmail.com
Liukko,516-393-9967,gilma_liukko@gmail.com
Gabisi,608-967-7194,jgabisi@hotmail.com
Paskin,201-431-2989,lili.paskin@cox.net
Asar,570-648-3035,loren.asar@aol.com
Chesterfield,858-617-7834,dorothy@cox.net
Similton,760-616-5388,gail_similton@similton.com
Tillotson,609-373-3332,catalina@hotmail.com
Lorens,401-465-6432,lawrence.lorens@hotmail.com
Boulter,785-347-1805,carlee.boulter@hotmail.com
Ankeny,916-920-3571,tankeny@ankeny.org
Oles,386-248-4118,joles@gmail.com
Hixenbaugh,202-646-7516,alesia_hixenbaugh@hixenbaugh.org
Harabedian,415-423-3294,lai@gmail.com
Gillaspie,208-709-1235,bgillaspie@gillaspie.com
Kampa,574-499-1454,rkampa@kampa.org
Bookamer,308-726-2182,flo.bookamer@cox.net
Biddy,206-711-6498,jbiddy@yahoo.com
Motley,407-413-4842,chauncey_motley@aol.com